<?xml version="1.0"?>
<!DOCTYPE modification SYSTEM "http://www.simplemachines.org/xml/modification">
<modification xmlns="http://www.simplemachines.org/xml/modification" xmlns:smf="http://www.simplemachines.org/">
<id>Dougiefresh:YouTube</id>
<name>Yet Another YouTube BBCode Tag</name>
<version>3.6</version>

<file name="$sourcedir/Post.php">
	<operation error="ignore">
		<search position="replace"><![CDATA['<img>]]></search>
		<add><![CDATA['<img><iframe>]]></add>
	</operation>
	<operation error="ignore">
		<search position="replace"><![CDATA['<img>]]></search>
		<add><![CDATA['<img><iframe>]]></add>
	</operation>
</file>
<file name="$sourcedir/Subs.php">
	<operation>
		<search position="after"><![CDATA[// The non-breaking-space looks a bit different each time.]]></search>
		<add><![CDATA[// Embed NHL URLs in the NHL bbcode tags:
	BBCode_YouTube_Embed($message, $smileys, $cache_id, $parse_tags);

	]]></add>
	</operation>
</file>
</modification>