<?xml version="1.0"?>
<!DOCTYPE modification SYSTEM "http://www.simplemachines.org/xml/modification">
<modification xmlns="http://www.simplemachines.org/xml/modification" xmlns:smf="http://www.simplemachines.org/">
<id>Dougiefresh:YouTube</id>
<name>Yet Another YouTube BBCode Tag</name>
<version>3.6</version>

<file name="$sourcedir/Subs.php">
	<operation>
		<search position="after"><![CDATA[if ($smileys === 'print')]]></search>
		<add><![CDATA[// Added to allow the user the option to not embed a YouTube video
	global $options;
	if (!empty($options['youtube_no_embed']))
	{
		$disabled['youtube'] = true;
		$disabled['yt'] = true;
	}

	]]></add>
	</operation>
	<operation error="ignore">
		<search position="after"><![CDATA[$orders = permute($preg);]]></search>
		<add><![CDATA[if (in_array($possible['tag'], array('youtube', 'yt', 'yt_user', 'yt_search')))
					$orders = array(BBCode_YouTube_Params($message, $pos1, $possible['parameters']) ? $preg : array());
				else
					]]></add>
	</operation>
</file>
<file name="$themedir/Profile.template.php">
	<operation>
		<search position="after"><![CDATA[// Choose WYSIWYG settings?]]></search>
		<add><![CDATA[// Added to allow the user the option to not embed a YouTube video
	echo '
							<li>
								<input type="hidden" name="default_options[youtube_no_embed]" value="0" />
								<label for="youtube_no_embed"><input type="checkbox" name="default_options[youtube_no_embed]" id="youtube_no_embed" value="1"', !empty($context['member']['options']['youtube_no_embed']) ? ' checked="checked"' : '', ' class="input_check" /> ', $txt['youtube_no_embed'], '</label>
							</li>';

	]]></add>
	</operation>
</file>
</modification>