<?xml version="1.0"?>
<!DOCTYPE package-info SYSTEM "http://www.simplemachines.org/xml/package-info">
<package-info xmlns="http://www.simplemachines.org/xml/package-info" xmlns:smf="http://www.simplemachines.org/">
	<id>hcfwesker:ASMITP</id>
	<name>Add Social Media Icons To Profiles</name>
	<version>1.2.0</version>
	<type>modification</type>
	
	<install for="2.0 - 2.0.99">
		<database>2.x/install.php</database> 	
		<modification>2.x/install.xml</modification>
		<modification>2.x/language-utf8.xml</modification>		
		
		<require-file name="smifacebook.png" destination="$imagesdir" />
		<require-file name="smitwitter.png"  destination="$imagesdir" />
		<require-file name="smimyspace.png"  destination="$imagesdir" />
		<require-file name="smiyoutube.png"  destination="$imagesdir" />
		<require-file name="smideviantart.png"  destination="$imagesdir" />
		<require-file name="smigoogleplus.png"  destination="$imagesdir" />
		<require-file name="smilinkedin.png"  destination="$imagesdir" />
		<require-file name="smipinterest.png"  destination="$imagesdir" />	
		
	</install>
	
	<install for="1.1.11 - 1.99.99">	
		<modification>1.x/install.xml</modification>
		
		<require-file name="smifacebook.png" destination="$imagesdir" />
		<require-file name="smitwitter.png"  destination="$imagesdir" />
		<require-file name="smimyspace.png"  destination="$imagesdir" />
		<require-file name="smiyoutube.png"  destination="$imagesdir" />
		<require-file name="smideviantart.png"  destination="$imagesdir" />
		<require-file name="smigoogleplus.png"  destination="$imagesdir" />
		<require-file name="smilinkedin.png"  destination="$imagesdir" />
		<require-file name="smipinterest.png"  destination="$imagesdir" />
		
	</install>

    <upgrade from="1.0.8" to="1.1.0">
		<database>2.x/install.php</database>
        <modification type="file" format="xml">upgrade-1.0.8-1.1.0.xml</modification>
		<require-file name="smitwitter.png"  destination="$imagesdir" />
    </upgrade>	

	<uninstall for="2.0 - 2.0.99">
		<modification reverse="true">2.x/install.xml</modification>
		<modification reverse="true">2.x/language-utf8.xml</modification>		
		
		<remove-file name="$imagesdir/smifacebook.png" />
		<remove-file name="$imagesdir/smimyspace.png" />
		<remove-file name="$imagesdir/smitwitter.png" />
		<remove-file name="$imagesdir/smiyoutube.png" />
		<remove-file name="$imagesdir/smideviantart.png" />
		<remove-file name="$imagesdir/smigoogleplus.png" />
		<remove-file name="$imagesdir/smilinkedin.png" />
		<remove-file name="$imagesdir/smipinterest.png" />
		
	</uninstall>

	<uninstall for="1.1.11 - 1.99.99">
		<modification reverse="true">1.x/install.xml</modification>
		
		<remove-file name="$imagesdir/smifacebook.png" />
		<remove-file name="$imagesdir/smimyspace.png" />
		<remove-file name="$imagesdir/smitwitter.png" />
		<remove-file name="$imagesdir/smiyoutube.png" />
		<remove-file name="$imagesdir/smideviantart.png" />
		<remove-file name="$imagesdir/smigoogleplus.png" />
		<remove-file name="$imagesdir/smilinkedin.png" />
		<remove-file name="$imagesdir/smipinterest.png" />	
		
	</uninstall>
	
</package-info>
