﻿<?xml version="1.0"?>
<!DOCTYPE modification SYSTEM "http://www.simplemachines.org/xml/modification">
<modification xmlns="http://www.simplemachines.org/xml/modification" xmlns:smf="http://www.simplemachines.org/">
	<id>hcfwesker:ASMITP</id>
	
	<file name="$languagedir/Modifications.english-utf8.php" error="skip">
		<operation>
			<search position="after"><![CDATA[?>]]></search>
            <add><![CDATA[$txt['smi_buddies_title'] = 'Social Networks';
$txt['smi_facebook_title'] = 'Facebook';
$txt['smi_facebook_desc'] = 'Input your Facebook username.';
$txt['smi_myspace_title'] = 'MySpace';
$txt['smi_myspace_desc'] = 'Input your MySpace username.';
$txt['smi_twitter_title'] = 'Twitter';
$txt['smi_twitter_desc'] = 'Input your Twitter username.';
$txt['smi_youtube_title'] = 'Youtube';
$txt['smi_youtube_desc'] = 'Input your Youtube username.';
$txt['smi_deviantart_title'] = 'DeviantArt';
$txt['smi_deviantart_desc'] = 'Input your DeviantArt username.';
$txt['smi_pinterest_title'] = 'Pinterest';
$txt['smi_pinterest_desc'] = 'Input your Pinterest username.';
$txt['smi_googleplus_title'] = 'Google+';
$txt['smi_googleplus_desc'] = 'Input your Google+ User ID.';
$txt['smi_linkedin_title'] = 'LinkedIn';
$txt['smi_linkedin_desc'] = 'Copy & Paste your LinkedIn profile link.';
$txt['custom_edit_placement_withsmiicons'] = 'With Social Media Icons';
$txt['custom_profile_placement_withsmiicons'] = 'With Social Media Icons';
$txt['custom_smi_enclose'] = '<strong>Social Media Icons (Do NOT Skip!):</strong>';
$txt['custom_smi_enclose_desc'] = 'For <u>custom Social Media Icons</u>, this must be completed. Click the <strong>Help</strong> icon for detailed instructions';
$txt['custom_smiicon_image'] = 'Add a custom Social Media Icon Image';
$txt['custom_smiicon_image_desc'] = 'ONLY for Custom Social Media Icons. Images should be 16 X 16 in size.<br />Upload images to <strong>Themes/{theme name}/images</strong> folder';
$txt['customsmi_images_url'] = '{theme URL}/images/';						
]]></add>
        </operation>
   </file>
	
	<file name="$languagedir/Help.english-utf8.php" error="skip">
		<operation>
			<search position="after"><![CDATA[?>]]></search>
            <add><![CDATA[$helptxt['customsmi_show_enclosed'] = 'Encloses the user input within the URL profile link.  This will allow you to add more Social Media Icons and allow them to align with the default icons, etc. <br /><u>Example:</u> <strong>Facebook:</strong> (find the profile path)<br />
		http://facebook.com/johndoe  (sample profile URL)<br />
		http://facebook.com/{INPUT}  (this will be used as the setting) <br /><br />
		Use the following variable:<br />
		<ul class="normallist">
			<li>{INPUT} - The input specified by the user. This will insert the username in the Social Media profile URL supplied by the member when they modify this option.</li>
		</ul>';

]]></add>
        </operation>
   </file>
	
	<file name="$languagedir/Modifications.hungarian-utf8.php" error="skip">
		<operation>
			<search position="after"><![CDATA[?>]]></search>
            <add><![CDATA[$txt['smi_facebook_title'] = 'Facebook';
$txt['smi_facebook_desc'] = 'Írd be a Facebook felhasználó neved.';      
$txt['smi_myspace_title'] = 'MySpace';
$txt['smi_myspace_desc'] = 'Írd be a MySpace felhasználó neved.';
$txt['smi_twitter_title'] = 'Twitter';
$txt['smi_twitter_desc'] = 'Írd be a Twitter felhasználó neved.';
$txt['smi_youtube_title'] = 'Youtube';
$txt['smi_youtube_desc'] = 'Írd be a Youtube felhasználó neved.';
$txt['smi_deviantart_title'] = 'DeviantArt';
$txt['smi_deviantart_desc'] = 'Írd be a DeviantArt felhasználó neved.';
$txt['smi_pinterest_title'] = 'Pinterest';
$txt['smi_pinterest_desc'] = 'Írd be a Pinterest felhasználó neved.';
$txt['smi_googleplus_title'] = 'Google+';
$txt['smi_googleplus_desc'] = 'Írd be a Google+ felhasználó azonosítódat (User ID).';
$txt['smi_linkedin_title'] = 'LinkedIn';
$txt['smi_linkedin_desc'] = 'Másol & Beilleszt a LinkedIn profil linket.';
$txt['smi_buddies_title'] = 'Szociális hálózatok';
]]></add>
        </operation>
   </file>
	
	<file name="$languagedir/Modifications.italian-utf8.php" error="skip">
		<operation>
			<search position="after"><![CDATA[?>]]></search>
            <add><![CDATA[$txt['smi_facebook_title'] = 'Facebook';
$txt['smi_facebook_desc'] = 'Immetti il tuo nome utente su Facebook.';		
$txt['smi_myspace_title'] = 'MySpace';
$txt['smi_myspace_desc'] = 'Immetti il tuo nome utente su MySpace.';
$txt['smi_twitter_title'] = 'Twitter';
$txt['smi_twitter_desc'] = 'Immetti il tuo nome utente su Twitter.';
$txt['smi_youtube_title'] = 'Youtube';
$txt['smi_youtube_desc'] = 'Immetti il tuo nome utente su Youtube.';
$txt['smi_deviantart_title'] = 'DeviantArt';
$txt['smi_deviantart_desc'] = 'Immetti il tuo nome utente su DeviantArt.';
$txt['smi_pinterest_title'] = 'Pinterest';
$txt['smi_pinterest_desc'] = 'Immetti il tuo nome utente su Pinterest.';
$txt['smi_googleplus_title'] = 'Google+';
$txt['smi_googleplus_desc'] = 'Immetti il tuo ID utente su Google+.';
$txt['smi_buddies_title'] = 'Reti sociali';
]]></add>
        </operation>
   </file>


   <file name="$languagedir/Modifications.portuguese_pt-utf8.php" error="skip">
        <operation>
            <search position="after"><![CDATA[?>]]></search>
            <add><![CDATA[$txt['smi_facebook_title'] = 'Facebook';
$txt['smi_facebook_desc'] = 'Introduza seu nome de utilizador do Facebook.';        
$txt['smi_myspace_title'] = 'MySpace';
$txt['smi_myspace_desc'] = 'Introduza seu nome de utilizador MySpace.';
$txt['smi_twitter_title'] = 'Twitter';
$txt['smi_twitter_desc'] = 'Introduza seu nome de utilizador Twitter.';
$txt['smi_youtube_title'] = 'Youtube';
$txt['smi_youtube_desc'] = 'Introduzaseu nome de utilizador do Youtube.';
$txt['smi_deviantart_title'] = 'DeviantArt';
$txt['smi_deviantart_desc'] = 'Introduza seu nome de utilizador DeviantArt.';
$txt['smi_pinterest_title'] = 'Pinterest';
$txt['smi_pinterest_desc'] = 'Introduza seu nome de utilizador Pinterest.';
$txt['smi_googleplus_title'] = 'Google+';
$txt['smi_googleplus_desc'] = 'Introduza o seu ID de utilizador Google +.';
$txt['smi_buddies_title'] = 'Redes Sociais';
]]></add>
        </operation>
   </file>
    
	
	<file name="$languagedir/Modifications.serbian_latin-utf8.php" error="skip">
		<operation>
			<search position="after"><![CDATA[?>]]></search>
            <add><![CDATA[$txt['smi_facebook_title'] = 'Facebook';
$txt['smi_facebook_desc'] = 'Vaše Fejsbuk korisnicko ime.';		
$txt['smi_myspace_title'] = 'MySpace';
$txt['smi_myspace_desc'] = 'Vaše Myspace korisnicko ime.';
$txt['smi_twitter_title'] = 'Twitter';
$txt['smi_twitter_desc'] = 'Vaše twiter korisnicko ime.';
$txt['smi_youtube_title'] = 'Youtube';
$txt['smi_youtube_desc'] = 'Vaše Youtube korisnicko ime.';
$txt['smi_deviantart_title'] = 'DeviantArt';
$txt['smi_deviantart_desc'] = 'Vaše DeviantArt korisnicko ime.';
$txt['smi_pinterest_title'] = 'Pinterest';
$txt['smi_pinterest_desc'] = 'Vaše Pinterest korisnicko ime.';
$txt['smi_googleplus_title'] = 'Google+';
$txt['smi_googleplus_desc'] = 'Vaš Google+ ID.';
$txt['smi_buddies_title'] = 'Društvene mreže';
]]></add>
        </operation>
   </file>
	
	<file name="$languagedir/Modifications.spanish-utf8.php" error="skip">
		<operation>
			<search position="after"><![CDATA[?>]]></search>
            <add><![CDATA[$txt['smi_facebook_title'] = 'Facebook';
$txt['smi_facebook_desc'] = 'Su Usuario en Facebook.';         
$txt['smi_myspace_title'] = 'MySpace';
$txt['smi_myspace_desc'] = 'Su Usuario en MySpace.';
$txt['smi_twitter_title'] = 'Twitter';
$txt['smi_twitter_desc'] = 'Su Usuario en Twitter.';
$txt['smi_youtube_title'] = 'Youtube';
$txt['smi_youtube_desc'] = 'Su Usuario en YouTube.';
$txt['smi_deviantart_title'] = 'DeviantArt';
$txt['smi_deviantart_desc'] = 'Su Usuario en DevianArt.';
$txt['smi_pinterest_title'] = 'Pinterest';
$txt['smi_pinterest_desc'] = 'Su Usuario en Pinterest.';
$txt['smi_googleplus_title'] = 'Google+';
$txt['smi_googleplus_desc'] = 'Su Numero de ID en Google+.';
$txt['smi_buddies_title'] = 'Redes Sociales';
]]></add>
        </operation>
   </file>
	
	<file name="$languagedir/Modifications.turkish-utf8.php" error="skip">
		<operation>
			<search position="after"><![CDATA[?>]]></search>
            <add><![CDATA[$txt['smi_buddies_title'] = 'Sosyal Ağlar';
$txt['smi_facebook_title'] = 'Facebook';
$txt['smi_facebook_desc'] = 'Facebook kullanıcı adınızı girin.';      
$txt['smi_myspace_title'] = 'MySpace';
$txt['smi_myspace_desc'] = 'MySpace kullanıcı adınızı girin.';
$txt['smi_twitter_title'] = 'Twitter';
$txt['smi_twitter_desc'] = 'Twitter kullanıcı adınızı girin.';
$txt['smi_youtube_title'] = 'Youtube';
$txt['smi_youtube_desc'] = 'Youtube kullanıcı adınızı girin.';
$txt['smi_deviantart_title'] = 'DeviantArt';
$txt['smi_deviantart_desc'] = 'DeviantArt kullanıcı adınızı girin.';
$txt['smi_googleplus_title'] = 'Google+';
$txt['smi_googleplus_desc'] = 'Google+ kimlik numaranızı girin.';
$txt['smi_linkedin_title'] = 'LinkedIn';
$txt['smi_linkedin_desc'] = 'LinkedIn profil adresinizi kopyala & yapıştırın.';
$txt['smi_pinterest_title'] = 'Pinterest';
$txt['smi_pinterest_desc'] = 'Pinterest kullanıcı adınızı girin.';
]]></add>
        </operation>
   </file>
	
</modification>