﻿<?xml version="1.0"?>
<!DOCTYPE modification SYSTEM "http://www.simplemachines.org/xml/modification">

<modification xmlns="http://www.simplemachines.org/xml/modification" xmlns:smf="http://www.simplemachines.org/">

	<id>Kays:Disable_last_edit_by...</id>
	<name>Disable 'last edit by...' for Administrators</name>
	<version>1.9</version>

	<file name="$sourcedir/ManageSettings.php">
		<operation>
			<search position="before"><![CDATA[
	$config_vars = array(
		// Mod authors, add any settings UNDER this line. Include a comma at the end of the line and don't remove this statement!!
]]></search>
			<add><![CDATA[
		array('check', 'disable_last_edit_by', 'subtext' => $txt['disable_last_edit_by_desc']),
		]]></add>
		</operation>
	</file>
	
	<file name="$sourcedir/Post.php">
		<operation>
			<search position="replace"><![CDATA[if (time() - $row['poster_time'] > $modSettings['edit_wait_time'] || $user_info['id'] != $row['id_member'])]]></search>
		
			<add><![CDATA[if (!$modSettings['disable_last_edit_by'] || (!$user_info['is_admin']) && (time() - $row['poster_time'] > $modSettings['edit_wait_time'] || $user_info['id'] != $row['id_member']))]]></add>
		</operation>
	</file>

	<file name="$themedir/languages/Modifications.english.php" error="skip">
	<operation>
		<search position="end" />
			<add><![CDATA[
// Enable Last Edit by for Admins
$txt['disable_last_edit_by'] = 'Disable "Last Edit: by" for Administrators System';
$txt['disable_last_edit_by_desc'] = 'Box Ticked = Mod is Enabled.<br />Box Un-ticked = Mod is Disabled.';
]]></add>
	</operation>
	</file>

		<file name="$themedir/languages/Modifications.english-utf8.php" error="skip">
	<operation>
		<search position="end" />
			<add><![CDATA[
// Enable Last Edit by for Admins
$txt['disable_last_edit_by'] = 'Disable "Last Edit: by" for Administrators System';
$txt['disable_last_edit_by_desc'] = 'Box Ticked = Mod is Enabled.<br />Box Un-ticked = Mod is Disabled.';
]]></add>
	</operation>
	</file>
</modification>