<?xml version="1.0"?>
<!DOCTYPE modification SYSTEM "http://www.simplemachines.org/xml/modification">
<modification xmlns="http://www.simplemachines.org/xml/modification" xmlns:smf="http://www.simplemachines.org/">
	<id>Kays:Disable_last_edit_by...</id>
	<version>1.9</version>

	<file name="$sourcedir/Post.php">
		<operation>
			<search position="replace"><![CDATA[		// Have admins allowed people to hide their screwups?
		if (time() - $row['posterTime'] > $modSettings['edit_wait_time'] || $ID_MEMBER != $row['ID_MEMBER'])]]></search>
		
			<add><![CDATA[		// Have admins allowed people to hide their screwups?
		if (!$user_info['is_admin'] && (time() - $row['posterTime'] > $modSettings['edit_wait_time'] || $ID_MEMBER != $row['ID_MEMBER']))]]></add>
		</operation>
	</file>
</modification>