<?xml version="1.0"?>
<!DOCTYPE package-info SYSTEM "http://www.simplemachines.org/xml/package-info">

<package-info xmlns="http://www.simplemachines.org/xml/package-info" xmlns:smf="http://www.simplemachines.org/">

	<id>Kays:Disable_last_edit_by...</id>
	<name>Disable 'last edit by...' for Administrators</name>
	<version>1.9</version>

	<type>modification</type>

	<install for="1.1 - 1.1.16">
		<readme type="file" parsebbc="true">readme.txt</readme>
		<modification type="file">modifications.xml</modification>
	</install>

	<!--// Uninstall for SMF 1.1 version only //-->	
	<uninstall for="1.1 - 1.1.16">
		<modification type="file" reverse="true">modifications.xml</modification>
	</uninstall>
	
	<install for="2.0 - 2.0.99, 2.0 RC3, 2.0 RC4, 2.0 RC5">
		<readme type="file" parsebbc="true">readme.txt</readme>
		<modification type="file">modifications2_0.xml</modification>
		<code>install.php</code>
		<redirect url="?action=admin;area=modsettings;sa=general">redirect.txt</redirect>
	</install>
	
	<!--// Uninstall for SMF 2.0 version only //-->
	<uninstall for="2.0 - 2.0.99, 2.0 RC3, 2.0 RC4, 2.0 RC5">
		<modification type="file" reverse="true">modifications2_0.xml</modification>
	</uninstall>

</package-info>